"year","above30","Detrended.Water.inflow..thousand.m3."
2008,0,1099833.75845455
2009,0,2970160.11859091
2010,0,4062169.13972727
2011,0,4872726.83386364
2012,0,2331456.75
2013,0,3277123.10913636
2014,6,2671011.13427273
2015,4,4299420.70740909
2016,6,3674695.95354545
2017,7,2694498.03168182
2018,0,2240100.49881818
2019,0,2774835.89695455
2020,0,1709316.15909091
2021,12,2374137.35222727
2022,6,862120.795363637
2023,11,2683455.4285
